2/17/20,Quark's New Merchandising Enterprise (Live At Convergence 2007),The Funny Music Project,0.02
2/17/20,Quark's New Merchandising Enterprise (Live At Convergence 2007),The Funny Music Project,0.02
2/18/20,Quark's New Merchandising Enterprise (Live At Convergence 2007),The Funny Music Project,0.01
2/25/20,Quark's New Merchandising Enterprise (Live At Convergence 2007),The Funny Music Project,0.01
2/11/20,She's Underage - Seamonkey,The Funny Music Project,0.02
2/11/20,She's Underage - Seamonkey,The Funny Music Project,0.02
2/11/20,She's Underage - Seamonkey,The Funny Music Project,0.03
2/17/20,She's Underage - Seamonkey,The Funny Music Project,0.01
2/20/20,She's Underage - Seamonkey,The Funny Music Project,0.01
2/25/20,She's Underage - Seamonkey,The Funny Music Project,0.01
2/25/20,She's Underage - Seamonkey,The Funny Music Project,0.02
2/11/20,The Cat Came Back... The Cat's Perspective,The Funny Music Project,0.01
2/11/20,The Cat Came Back... The Cat's Perspective,The Funny Music Project,0.02
2/17/20,The Cat Came Back... The Cat's Perspective,The Funny Music Project,0.01
2/17/20,The Cat Came Back... The Cat's Perspective,The Funny Music Project,0.01
2/17/20,The Cat Came Back... The Cat's Perspective,The Funny Music Project,0.02
2/25/20,The Cat Came Back... The Cat's Perspective,The Funny Music Project,0.01
2/17/20,There's No Santa Claus,The Funny Music Project,0.01
2/17/20,There's No Santa Claus,The Funny Music Project,0.01
2/17/20,There's No Santa Claus,The Funny Music Project,0.02
2/20/20,There's No Santa Claus,The Funny Music Project,0.01
2/20/20,There's No Santa Claus,The Funny Music Project,0.01
2/20/20,There's No Santa Claus,The Funny Music Project,0.05
2/17/20,What's Up With That?! (Featuring Wyngarde),The Funny Music Project,0.02
2/25/20,What's Up With That?! (Featuring Wyngarde),The Funny Music Project,0.01
2/17/20,What's Wrong With This Song? (featuring Possible Oscar),The Funny Music Project,0.02
2/20/20,What's Wrong With This Song? (featuring Possible Oscar),The Funny Music Project,0.01
2/20/20,What's Wrong With This Song? (featuring Possible Oscar),The Funny Music Project,0.01
2/20/20,What's Wrong With This Song? (featuring Possible Oscar),The Funny Music Project,0.04
2/25/20,What's Wrong With This Song? (featuring Possible Oscar),The Funny Music Project,0.02
2/11/20,Why I Won't Get You A Beer - Tom Smith,The Funny Music Project,0.01
2/11/20,Why I Won't Get You A Beer - Tom Smith,The Funny Music Project,0.01
2/11/20,Why I Won't Get You A Beer - Tom Smith,The Funny Music Project,0.01
2/11/20,Why I Won't Get You A Beer - Tom Smith,The Funny Music Project,0.01
2/11/20,Why I Won't Get You A Beer - Tom Smith,The Funny Music Project,0.07
2/17/20,Why I Won't Get You A Beer - Tom Smith,The Funny Music Project,0.01
2/17/20,Why I Won't Get You A Beer - Tom Smith,The Funny Music Project,0.01
2/17/20,Why I Won't Get You A Beer - Tom Smith,The Funny Music Project,0.01
2/17/20,Why I Won't Get You A Beer - Tom Smith,The Funny Music Project,0.01
2/17/20,Why I Won't Get You A Beer - Tom Smith,The Funny Music Project,0.01
2/17/20,Why I Won't Get You A Beer - Tom Smith,The Funny Music Project,0.02
2/17/20,Why I Won't Get You A Beer - Tom Smith,The Funny Music Project,0.02
2/17/20,Why I Won't Get You A Beer - Tom Smith,The Funny Music Project,0.02
2/17/20,Why I Won't Get You A Beer - Tom Smith,The Funny Music Project,0.03
2/17/20,Why I Won't Get You A Beer - Tom Smith,The Funny Music Project,0.14
2/17/20,Why I Won't Get You A Beer - Tom Smith,The Funny Music Project,0.35
2/18/20,Why I Won't Get You A Beer - Tom Smith,The Funny Music Project,0.01
2/20/20,Why I Won't Get You A Beer - Tom Smith,The Funny Music Project,0.03
2/7/20,You've Got Hogwarts,The Funny Music Project,0.02
2/11/20,You've Got Hogwarts,The Funny Music Project,0.01
2/11/20,You've Got Hogwarts,The Funny Music Project,0.01
2/11/20,You've Got Hogwarts,The Funny Music Project,0.01
2/11/20,You've Got Hogwarts,The Funny Music Project,0.01
2/11/20,You've Got Hogwarts,The Funny Music Project,0.01
2/11/20,You've Got Hogwarts,The Funny Music Project,0.01
2/11/20,You've Got Hogwarts,The Funny Music Project,0.01
2/11/20,You've Got Hogwarts,The Funny Music Project,0.01
2/11/20,You've Got Hogwarts,The Funny Music Project,0.02
2/11/20,You've Got Hogwarts,The Funny Music Project,0.02
2/11/20,You've Got Hogwarts,The Funny Music Project,0.04
2/11/20,You've Got Hogwarts,The Funny Music Project,0.05
2/11/20,You've Got Hogwarts,The Funny Music Project,0.08
2/11/20,You've Got Hogwarts,The Funny Music Project,0.12
2/11/20,You've Got Hogwarts,The Funny Music Project,0.14
2/11/20,You've Got Hogwarts,The Funny Music Project,0.23
2/17/20,You've Got Hogwarts,The Funny Music Project,0.01
2/17/20,You've Got Hogwarts,The Funny Music Project,0.01
2/17/20,You've Got Hogwarts,The Funny Music Project,0.01
2/17/20,You've Got Hogwarts,The Funny Music Project,0.02
2/17/20,You've Got Hogwarts,The Funny Music Project,0.02
2/17/20,You've Got Hogwarts,The Funny Music Project,0.04
2/17/20,You've Got Hogwarts,The Funny Music Project,0.04
2/17/20,You've Got Hogwarts,The Funny Music Project,0.05
2/17/20,You've Got Hogwarts,The Funny Music Project,0.05
2/17/20,You've Got Hogwarts,The Funny Music Project,0.05
2/17/20,You've Got Hogwarts,The Funny Music Project,0.05
2/17/20,You've Got Hogwarts,The Funny Music Project,0.08
2/17/20,You've Got Hogwarts,The Funny Music Project,0.13
2/17/20,You've Got Hogwarts,The Funny Music Project,0.15
2/17/20,You've Got Hogwarts,The Funny Music Project,0.31
2/17/20,You've Got Hogwarts,The Funny Music Project,0.88
2/20/20,You've Got Hogwarts,The Funny Music Project,0.01
2/20/20,You've Got Hogwarts,The Funny Music Project,0.01
2/20/20,You've Got Hogwarts,The Funny Music Project,0.02
2/20/20,You've Got Hogwarts,The Funny Music Project,0.04
2/20/20,You've Got Hogwarts,The Funny Music Project,0.16
2/25/20,You've Got Hogwarts,The Funny Music Project,0.01
2/25/20,You've Got Hogwarts,The Funny Music Project,0.03
2/26/20,You've Got Hogwarts,The Funny Music Project,0.05
