1/30/20,I Just Sneezed in My Pie,Steve Goodie,0.03
1/30/20,I Just Sneezed in My Pie,Steve Goodie,0.02
1/30/20,I Just Sneezed in My Pie,Steve Goodie,0.01
1/30/20,I Just Sneezed in My Pie,Steve Goodie,0.01
1/30/20,I Just Sneezed in My Pie,Steve Goodie,0.01
1/30/20,I Just Sneezed in My Pie,Steve Goodie,0.01
1/30/20,I Just Sneezed in My Pie,Steve Goodie,0.01
1/30/20,I Just Sneezed in My Pie,Steve Goodie,0.01
1/30/20,I Like to Burp,Steve Goodie,0.01
1/30/20,I Like to Burp,Steve Goodie,0.01
1/30/20,I Like to Burp,Steve Goodie,0.01
1/30/20,I Love My Job,Steve Goodie,0.02
1/30/20,I Love My Job,Steve Goodie,0.01
1/30/20,I Wanna Be That Moose,Steve Goodie,0.01
1/30/20,I Wanna Be That Moose,Steve Goodie,0.01
1/30/20,I Wanna Eat a Big Piece of Cheese,Steve Goodie,0.02
1/30/20,I Wanna Eat a Big Piece of Cheese,Steve Goodie,0.02
1/30/20,I Wanna Eat a Big Piece of Cheese,Steve Goodie,0.01
1/30/20,I'm Donald Trump,Steve Goodie,0.37
1/30/20,I'm Donald Trump,Steve Goodie,0.1
1/30/20,I'm Donald Trump,Steve Goodie,0.1
1/30/20,I'm Donald Trump,Steve Goodie,0.02
1/30/20,I'm Donald Trump,Steve Goodie,0.02
1/30/20,I'm Donald Trump,Steve Goodie,0.01
1/30/20,I'm Donald Trump,Steve Goodie,0.01
1/30/20,I'm Donald Trump,Steve Goodie,0.01
1/30/20,I'm Donald Trump,Steve Goodie,0.01
1/30/20,If It's Right,Steve Goodie,0.01
1/30/20,If It's Right,Steve Goodie,0.01
1/30/20,If You Want To Say Fuck Say Fuck,Steve Goodie,0.03
1/30/20,If You Want To Say Fuck Say Fuck,Steve Goodie,0.02
1/30/20,If You Want To Say Fuck Say Fuck,Steve Goodie,0.01
1/30/20,If You Want To Say Fuck Say Fuck,Steve Goodie,0.01
1/30/20,If You Want To Say Fuck Say Fuck,Steve Goodie,0.01
1/30/20,It Runs in the Family,Steve Goodie,0.01
1/30/20,It's Daylight Savings Time!,Steve Goodie,0.01
1/30/20,Itchy Song #1543,Steve Goodie,0.01
1/30/20,Itchy Song #1543,Steve Goodie,0.01
1/30/20,Itchy Song #1543,Steve Goodie,0.01
1/30/20,Itchy Song #1543,Steve Goodie,0.01
1/30/20,Itchy Song #1543,Steve Goodie,0.01
1/30/20,Lookin' Out My Back Door,Steve Goodie,0.03
1/30/20,Lookin' Out My Back Door,Steve Goodie,0.01
1/30/20,Lookin' Out My Back Door,Steve Goodie,0.01
1/30/20,Lookin' Out My Back Door,Steve Goodie,0.01
1/30/20,Louis CK,Steve Goodie,0.01
1/30/20,Louis CK,Steve Goodie,0.01
1/30/20,Love Me Tinder,Steve Goodie,0.02
1/30/20,Miley the Sequel,Steve Goodie,0.03
1/30/20,Miley the Sequel,Steve Goodie,0.01
1/30/20,Miley the Sequel,Steve Goodie,0.01
1/30/20,My Dog Never Multi-Tasks,Steve Goodie,0.01
1/30/20,Nice Guys Finish Last,Steve Goodie,0.01
1/30/20,Nina,Steve Goodie,0.01
1/30/20,Nina,Steve Goodie,0.01
1/30/20,Nobody to Vote,Steve Goodie,0.02
1/30/20,Oh Darn It,Steve Goodie,0.01
1/30/20,Oh Darn It,Steve Goodie,0.01
1/30/20,Out in the Backyard,Steve Goodie,0.01
1/30/20,Out in the Backyard,Steve Goodie,0.01
1/30/20,Out in the Backyard,Steve Goodie,0.01
1/30/20,Out in the Backyard,Steve Goodie,0.01
1/30/20,Parts for Frankenstein,Steve Goodie,0.01
1/30/20,Shut Down 2019,Steve Goodie,0.01
1/30/20,Shut Down 2019,Steve Goodie,0.01
1/30/20,Shutdown,Steve Goodie,0.02
1/30/20,Sleep With the Whole Band (Comedy Musician Seeks Groupies),Steve Goodie,0.01
1/30/20,Soap Gets in Your Eyes,Steve Goodie,0.01
1/30/20,Soap Gets in Your Eyes,Steve Goodie,0.01
1/30/20,Soap Gets in Your Eyes,Steve Goodie,0.01
1/30/20,Sponge Bath No Pants,Steve Goodie,0.01
1/30/20,Sponge Bath No Pants,Steve Goodie,0.01
1/30/20,Sponge Bath No Pants,Steve Goodie,0.01
1/30/20,Steve Ruins a Lovely Jason Mraz Song,Steve Goodie,0.01
1/30/20,Steve Ruins a Lovely Jason Mraz Song,Steve Goodie,0.01
1/30/20,Steve the Pirate (v. Live),Steve Goodie,0.01
1/30/20,Steve's Harry Potter Medley,Steve Goodie,0.06
1/30/20,Steve's Harry Potter Medley,Steve Goodie,0.02
1/30/20,Steve's Harry Potter Medley,Steve Goodie,0.01
1/30/20,Steve's Harry Potter Medley,Steve Goodie,0.01
1/30/20,Steve's Harry Potter Medley,Steve Goodie,0.01
1/30/20,Stormy Daniels,Steve Goodie,0.01
1/30/20,Stormy Daniels,Steve Goodie,0.01
1/30/20,Stormy Daniels,Steve Goodie,0.01
1/30/20,The Big Bang Theory Song,Steve Goodie,0.02
1/30/20,The Big Bang Theory Song,Steve Goodie,0.01
1/30/20,The Big Bang Theory Song,Steve Goodie,0.01
1/30/20,The Big Bang Theory Song,Steve Goodie,0.01
1/30/20,The Big Bang Theory Song,Steve Goodie,0.01
1/30/20,The Big Bang Theory Song,Steve Goodie,0.01
1/30/20,The Cover of the Rolling Stone (v. Boston Bombing Version),Steve Goodie,0.01
1/30/20,The Cover of the Rolling Stone (v. Boston Bombing Version),Steve Goodie,0.01
1/30/20,The Entertainer,Steve Goodie,0.01
1/30/20,The Kaepernick Rag,Steve Goodie,0.01
1/30/20,The Kaepernick Rag,Steve Goodie,0.01
1/30/20,The NRA Song,Steve Goodie,0.03
1/30/20,The NRA Song,Steve Goodie,0.02
1/30/20,The NRA Song,Steve Goodie,0.01
1/30/20,The NRA Song,Steve Goodie,0.01
1/30/20,The NRA Song,Steve Goodie,0.01
1/30/20,The Pat Benatar Hair-Loss Medley,Steve Goodie,0.02
1/30/20,The Pat Benatar Hair-Loss Medley,Steve Goodie,0.02
1/30/20,The Sandwich Song Singalong,Steve Goodie,0.04
1/30/20,The Sandwich Song Singalong,Steve Goodie,0.01
1/30/20,The Sandwich Song Singalong,Steve Goodie,0.01
1/30/20,The Thursday Carol,Steve Goodie,0.02
1/30/20,The Thursday Carol,Steve Goodie,0.01
1/30/20,The Trump Idiocy Song,Steve Goodie,0.01
1/30/20,The Twelve Days of Christmas Sweaters,Steve Goodie,0.03
1/30/20,The Twelve Days of Christmas Sweaters,Steve Goodie,0.02
1/30/20,The Twelve Days of Christmas Sweaters,Steve Goodie,0.01
1/30/20,The Twelve Days of Christmas Sweaters,Steve Goodie,0.01
1/30/20,The Twelve Days of Christmas Sweaters,Steve Goodie,0.01
1/30/20,The Twit in Twitter,Steve Goodie,0.01
1/30/20,The Twit in Twitter,Steve Goodie,0.01
1/30/20,The Twit in Twitter,Steve Goodie,0.01
1/30/20,The Year the Big-Mouth A$$hole Almost Won,Steve Goodie,0.02
1/30/20,The Year the Big-Mouth A$$hole Fucking Won (Post-Election Sequel),Steve Goodie,0.02
1/30/20,The Year the Big-Mouth A$$hole Fucking Won (Post-Election Sequel),Steve Goodie,0.01
1/30/20,This Year I'm Pulling Christmas...,Steve Goodie,0.06
1/30/20,This Year I'm Pulling Christmas...,Steve Goodie,0.01
1/30/20,This Year I'm Pulling Christmas...,Steve Goodie,0.01
1/30/20,This Year I'm Pulling Christmas...,Steve Goodie,0.01
1/30/20,Till Debt Do Us Part,Steve Goodie,0.02
1/30/20,Till Debt Do Us Part,Steve Goodie,0.02
1/30/20,Two for Ninety-Nine,Steve Goodie,0.01
1/30/20,Two for Ninety-Nine,Steve Goodie,0.01
1/30/20,Vote Goddammit!,Steve Goodie,0.05
1/30/20,Vote Goddammit!,Steve Goodie,0.02
1/30/20,Vote Goddammit!,Steve Goodie,0.02
1/30/20,Vote Goddammit!,Steve Goodie,0.01
1/30/20,Walk of Shame,Steve Goodie,0.02
1/30/20,Walk of Shame,Steve Goodie,0.01
1/30/20,Walk of Shame,Steve Goodie,0.01
1/30/20,Walk of Shame,Steve Goodie,0.01
1/30/20,War On Christmas Is Over,Steve Goodie,0.01
1/30/20,War On Christmas Is Over,Steve Goodie,0.01
1/30/20,We Don't Care,Steve Goodie,0.01
1/30/20,Weird al Country Medley,Steve Goodie,0.06
1/30/20,Weird al Country Medley,Steve Goodie,0.02
1/30/20,Weird al Country Medley,Steve Goodie,0.02
1/30/20,Weird al Country Medley,Steve Goodie,0.01
1/30/20,Weird al Country Medley,Steve Goodie,0.01
1/30/20,What Do You Get The Girl Who Has Everything?,Steve Goodie,0.01
1/30/20,Why Did the Chicken Cross the Road,Steve Goodie,0.05
1/30/20,Why Did the Chicken Cross the Road,Steve Goodie,0.04
1/30/20,Why Did the Chicken Cross the Road,Steve Goodie,0.02
1/30/20,Why Did the Chicken Cross the Road,Steve Goodie,0.01
1/30/20,Words That Sound Dirty But They Ain't,Steve Goodie,0.02
1/30/20,Words That Sound Dirty But They Ain't,Steve Goodie,0.01
1/30/20,You Rich Motherf******,Steve Goodie,0.01
1/30/20,You Rich Motherf******,Steve Goodie,0.01
1/30/20,Fuck First,Sticky Biscuits,0.19
1/30/20,Fuck First,Sticky Biscuits,0.04
1/30/20,Fuck First,Sticky Biscuits,0.02
1/30/20,Fuck First,Sticky Biscuits,0.02
1/30/20,Fuck First,Sticky Biscuits,0.01
1/30/20,Fuck First,Sticky Biscuits,0.01
1/30/20,Fuck First,Sticky Biscuits,0.01
1/30/20,Fuck First,Sticky Biscuits,0.01
1/30/20,Sock Puppet,Sticky Biscuits,0.05
1/30/20,Sock Puppet,Sticky Biscuits,0.02
1/30/20,Sock Puppet,Sticky Biscuits,0.02
1/30/20,Sock Puppet,Sticky Biscuits,0.02
1/30/20,Sock Puppet,Sticky Biscuits,0.02
1/30/20,Sock Puppet,Sticky Biscuits,0.01
1/30/20,Sock Puppet,Sticky Biscuits,0.01
1/30/20,Sock Puppet,Sticky Biscuits,0.01
1/30/20,Sock Puppet,Sticky Biscuits,0.01
1/30/20,Sock Puppet,Sticky Biscuits,0.01
1/30/20,But Moooommmm....,Strange Changes,0.02
1/10/20,Anorexiac By Seamonkey [Bonus],Sudden Death,0.01
1/14/20,Anorexiac By Seamonkey [Bonus],Sudden Death,0.01
1/22/20,Anorexiac By Seamonkey [Bonus],Sudden Death,0.01
1/22/20,Anorexiac By Seamonkey [Bonus],Sudden Death,0.01
1/10/20,Blood Guts and Boobs,Sudden Death,0.01
1/10/20,Blood Guts and Boobs,Sudden Death,0.01
1/14/20,Blood Guts and Boobs,Sudden Death,0.01
1/22/20,Blood Guts and Boobs,Sudden Death,0.01
1/10/20,Business As Usual,Sudden Death,0.01
1/22/20,Business As Usual,Sudden Death,0.01
1/10/20,Cellular Degeneration,Sudden Death,0.1
1/10/20,Cellular Degeneration,Sudden Death,0.05
1/14/20,Cellular Degeneration,Sudden Death,0.02
1/22/20,Cellular Degeneration,Sudden Death,0.02
1/10/20,Cellular Degeneration,Sudden Death,0.01
1/10/20,Cellular Degeneration,Sudden Death,0.01
1/14/20,Cellular Degeneration,Sudden Death,0.01
1/10/20,CGI,Sudden Death,0.01
1/14/20,CGI,Sudden Death,0.01
1/22/20,Down Thurr,Sudden Death,0.01
1/10/20,Extreme Mistakeover,Sudden Death,0.01
1/22/20,Extreme Mistakeover,Sudden Death,0.01
1/10/20,Getting Old Sucks,Sudden Death,0.12
1/10/20,Getting Old Sucks,Sudden Death,0.11
1/14/20,Getting Old Sucks,Sudden Death,0.05
1/14/20,Getting Old Sucks,Sudden Death,0.03
1/22/20,Getting Old Sucks,Sudden Death,0.02
1/10/20,Getting Old Sucks,Sudden Death,0.01
1/10/20,Getting Old Sucks,Sudden Death,0.01
1/14/20,Getting Old Sucks,Sudden Death,0.01
1/22/20,Getting Old Sucks,Sudden Death,0.01
1/9/20,Give It to Everybody,Sudden Death,0.03
1/22/20,Give It to Everybody,Sudden Death,0.03
1/14/20,Give It to Everybody,Sudden Death,0.02
1/10/20,Give It to Everybody,Sudden Death,0.01
1/10/20,Give It to Everybody,Sudden Death,0.01
1/10/20,Give It to Everybody,Sudden Death,0.01
1/10/20,Give It to Everybody,Sudden Death,0.01
1/10/20,Give It to Everybody,Sudden Death,0.01
1/10/20,Give It to Everybody,Sudden Death,0.01
1/14/20,Hey Birthday Boy,Sudden Death,0.02
1/14/20,Hey Birthday Boy,Sudden Death,0.01
1/10/20,I Heart New York,Sudden Death,0.01
1/22/20,I Heart New York,Sudden Death,0.01
1/10/20,I'm On It (Wikipedia),Sudden Death,0.02
1/22/20,I'm On It (Wikipedia),Sudden Death,0.02
1/10/20,I'm On It (Wikipedia),Sudden Death,0.01
1/10/20,I'm On It (Wikipedia),Sudden Death,0.01
1/14/20,I'm On It (Wikipedia),Sudden Death,0.01
1/10/20,Inner Voice,Sudden Death,0.41
1/10/20,Inner Voice,Sudden Death,0.16
1/14/20,Inner Voice,Sudden Death,0.03
1/14/20,Inner Voice,Sudden Death,0.03
1/9/20,Inner Voice,Sudden Death,0.02
1/10/20,Inner Voice,Sudden Death,0.02
1/10/20,Inner Voice,Sudden Death,0.02
1/14/20,Inner Voice,Sudden Death,0.02
1/22/20,Inner Voice,Sudden Death,0.02
1/22/20,Inner Voice,Sudden Death,0.02
1/10/20,Inner Voice,Sudden Death,0.01
1/10/20,Inner Voice,Sudden Death,0.01
1/10/20,Inner Voice,Sudden Death,0.01
1/10/20,Inner Voice,Sudden Death,0.01
1/22/20,Inner Voice,Sudden Death,0.01
1/10/20,Longer,Sudden Death,0.03
1/10/20,Longer,Sudden Death,0.03
1/10/20,Longer,Sudden Death,0.01
1/22/20,Longer,Sudden Death,0.01
1/22/20,Longer,Sudden Death,0.01
1/10/20,My Atari,Sudden Death,0.35
1/10/20,My Atari,Sudden Death,0.07
1/10/20,My Atari,Sudden Death,0.01
1/10/20,My Atari,Sudden Death,0.01
1/10/20,My Atari,Sudden Death,0.01
1/10/20,My Atari,Sudden Death,0.01
1/14/20,My Atari,Sudden Death,0.01
1/14/20,My Atari,Sudden Death,0.01
1/22/20,My Atari,Sudden Death,0.01
1/10/20,Pac-man,Sudden Death,0.21
1/10/20,Pac-man,Sudden Death,0.08
1/10/20,Pac-man,Sudden Death,0.01
1/10/20,Pac-man,Sudden Death,0.01
1/10/20,Pac-man,Sudden Death,0.01
1/22/20,Pac-man,Sudden Death,0.01
1/28/20,Pac-man,Sudden Death,0.01
1/10/20,Pillagers,Sudden Death,0.07
1/22/20,Pillagers,Sudden Death,0.07
1/10/20,Pillagers,Sudden Death,0.04
1/10/20,Pillagers,Sudden Death,0.01
1/10/20,Pillagers,Sudden Death,0.01
1/14/20,Pillagers,Sudden Death,0.01
1/14/20,Pillagers,Sudden Death,0.01
1/14/20,Pillagers,Sudden Death,0.01
1/22/20,Pillagers,Sudden Death,0.01
1/3/20,Pop Star,Sudden Death,0.01
1/10/20,Pop Star,Sudden Death,0.01
1/10/20,Pop Star,Sudden Death,0.01
1/22/20,Pop Star,Sudden Death,0.01
1/22/20,Pop Star,Sudden Death,0.01
1/22/20,Pop Star,Sudden Death,0.01
1/10/20,Professor Frink Intro,Sudden Death,0.01
1/22/20,Reign of Error,Sudden Death,0.08
1/10/20,Reign of Error,Sudden Death,0.07
1/10/20,Reign of Error,Sudden Death,0.01
1/10/20,Reign of Error,Sudden Death,0.01
1/10/20,Reign of Error,Sudden Death,0.01
1/14/20,Reign of Error,Sudden Death,0.01
1/22/20,Reign of Error,Sudden Death,0.01
1/22/20,Reign of Error,Sudden Death,0.01
1/22/20,Reign of Error,Sudden Death,0.01
1/22/20,Rest Home Gangstas,Sudden Death,0.02
1/22/20,Rest Home Gangstas,Sudden Death,0.01
1/10/20,Robot Cat,Sudden Death,0.06
1/10/20,Robot Cat,Sudden Death,0.05
1/10/20,Robot Cat,Sudden Death,0.02
1/10/20,Robot Cat,Sudden Death,0.02
1/22/20,Robot Cat,Sudden Death,0.02
1/10/20,Robot Cat,Sudden Death,0.01
1/10/20,Robot Cat,Sudden Death,0.01
1/22/20,Robot Cat,Sudden Death,0.01
1/22/20,Spam,Sudden Death,0.03
1/10/20,Spam,Sudden Death,0.01
1/22/20,Spam,Sudden Death,0.01
1/10/20,Take Back the Music,Sudden Death,0.01
1/10/20,Take Back the Music,Sudden Death,0.01
1/14/20,Take Back the Music,Sudden Death,0.01
1/22/20,Take Back the Music,Sudden Death,0.01
1/10/20,The Flu,Sudden Death,0.01
1/10/20,The Flu,Sudden Death,0.01
1/22/20,The Flu,Sudden Death,0.01
1/14/20,Why Can't I Shoot the Dog?,Sudden Death,0.02
1/22/20,Why Can't I Shoot the Dog?,Sudden Death,0.02
1/10/20,Why Can't I Shoot the Dog?,Sudden Death,0.01
1/10/20,Why Can't I Shoot the Dog?,Sudden Death,0.01
1/10/20,World Robot Domination,Sudden Death,0.07
1/10/20,World Robot Domination,Sudden Death,0.04
1/22/20,World Robot Domination,Sudden Death,0.02
1/10/20,World Robot Domination,Sudden Death,0.01
1/14/20,World Robot Domination,Sudden Death,0.01
1/30/20,My Wings,Sweats And Spinners,0.01
1/30/20,Bros Holding Fish (feat. David Rey Martinez),T-Spoon,0.01
1/30/20,Bros Holding Fish (feat. David Rey Martinez),T-Spoon,0.01
1/30/20,Bros Holding Fish (feat. David Rey Martinez),T-Spoon,0.01
1/30/20,Bros Holding Fish (feat. David Rey Martinez),T-Spoon,0.01
1/30/20,Bros Holding Fish (feat. David Rey Martinez),T-Spoon,0.01
1/30/20,Bros Holding Fish (feat. David Rey Martinez),T-Spoon,0.01
1/30/20,Text from a Boy,Tahlia's World,0.01
1/30/20,Text from a Boy,Tahlia's World,0.01
1/30/20,Text from a Boy,Tahlia's World,0.01
1/30/20,Amway Family,The Belle Isle Rats,0.01
1/30/20,Bowl With You,The Belle Isle Rats,0.01
1/30/20,Chemistry Dog,The Belle Isle Rats,0.01
1/30/20,Chemistry Dog,The Belle Isle Rats,0.01
1/30/20,Raymond Is a Badass Once a Year,The Belle Isle Rats,0.01
1/30/20,Reasonably Good,The Belle Isle Rats,0.01
1/30/20,Reasonably Good,The Belle Isle Rats,0.01
1/30/20,Unless There's a Game On,The Belle Isle Rats,0.01
1/30/20,Doctor Robert!,The Boobles,0.01
1/30/20,Doctor Robert!,The Boobles,0.01
1/30/20,Doctor Robert!,The Boobles,0.01
1/30/20,Have Natural Es,The Boobles,0.01
1/30/20,Have Natural Es,The Boobles,0.01
1/30/20,Have Natural Es,The Boobles,0.01
1/30/20,Have Natural Es,The Boobles,0.01
1/30/20,Have Natural Es,The Boobles,0.01
1/30/20,I Wanna See Your Cans!,The Boobles,0.01
1/30/20,Lucy Is a Guy With Falsies (feat. Robert Lund & Spaff),The Boobles,0.01
1/30/20,Lucy Is a Guy With Falsies (feat. Robert Lund & Spaff),The Boobles,0.01
1/30/20,Lucy Is a Guy With Falsies (feat. Robert Lund & Spaff),The Boobles,0.01
1/30/20,Lucy Is a Guy With Falsies (feat. Robert Lund & Spaff),The Boobles,0.01
1/30/20,Lucy Is a Guy With Falsies (feat. Robert Lund & Spaff),The Boobles,0.01
1/30/20,Maxine's Killer Mammers,The Boobles,0.01
1/30/20,Two of Them,The Boobles,0.01
1/30/20,Penguins Are Disgusting,The Chris Waffle Experience,0.02
1/30/20,Penguins Are Disgusting,The Chris Waffle Experience,0.01
1/30/20,Krampus Krampus Krampus,The Courtesan and The Cabin Boy,0.02
1/30/20,Krampus Krampus Krampus,The Courtesan and The Cabin Boy,0.02
1/30/20,Krampus Krampus Krampus,The Courtesan and The Cabin Boy,0.02
1/30/20,Krampus Krampus Krampus,The Courtesan and The Cabin Boy,0.01
1/30/20,Krampus Krampus Krampus,The Courtesan and The Cabin Boy,0.01
1/30/20,Krampus Krampus Krampus,The Courtesan and The Cabin Boy,0.01
1/30/20,Krampus Krampus Krampus,The Courtesan and The Cabin Boy,0.01
1/30/20,Krampus Krampus Krampus,The Courtesan and The Cabin Boy,0.01
1/30/20,Krampus Krampus Krampus,The Courtesan and The Cabin Boy,0.01
1/30/20,Krampus Krampus Krampus,The Courtesan and The Cabin Boy,0.01
1/30/20,Krampus Krampus Krampus,The Courtesan and The Cabin Boy,0.01
1/30/20,Krampus the Demon,The Courtesan and The Cabin Boy,0.06
1/30/20,Krampus the Demon,The Courtesan and The Cabin Boy,0.03
1/30/20,Krampus the Demon,The Courtesan and The Cabin Boy,0.03
1/30/20,Krampus the Demon,The Courtesan and The Cabin Boy,0.01
1/30/20,Krampus the Demon,The Courtesan and The Cabin Boy,0.01
1/30/20,Krampus the Demon,The Courtesan and The Cabin Boy,0.01
1/30/20,Krampus the Demon,The Courtesan and The Cabin Boy,0.01
1/30/20,Avocado Toast,The Cynthia Kaplan Ordeal,0.01
1/30/20,Avocado Toast,The Cynthia Kaplan Ordeal,0.01
1/30/20,Avocado Toast,The Cynthia Kaplan Ordeal,0.01
1/30/20,Avocado Toast,The Cynthia Kaplan Ordeal,0.01
1/30/20,Don't You Love Me?,The Doubleclicks,0.02
1/30/20,Don't You Love Me?,The Doubleclicks,0.01
1/30/20,Don't You Love Me?,The Doubleclicks,0.01
1/30/20,Don't You Love Me?,The Doubleclicks,0.01
1/30/20,Don't You Love Me?,The Doubleclicks,0.01
1/30/20,Ode to a Summer Retail Job,The Doubleclicks,0.01
1/30/20,Ode to a Summer Retail Job,The Doubleclicks,0.01
1/30/20,Ode to a Summer Retail Job,The Doubleclicks,0.01
1/30/20,Ode to a Summer Retail Job,The Doubleclicks,0.01
1/30/20,Ode to a Summer Retail Job,The Doubleclicks,0.01
1/30/20,Ode to a Summer Retail Job,The Doubleclicks,0.01
1/30/20,When I Grow Up,The Dreamstalks,0.02
1/30/20,1000 FuMPs,The FuMP,0.07
1/30/20,1000 FuMPs,The FuMP,0.01
1/30/20,1000 FuMPs,The FuMP,0.01
1/30/20,1000 FuMPs,The FuMP,0.01
1/30/20,This Is What Happens When You Give Logan a Medley,The FuMP,0.06
1/30/20,This Is What Happens When You Give Logan a Medley,The FuMP,0.01
1/30/20,We Want the Fump,The Fump,0.07
1/30/20,We Want the Fump,The Fump,0.01
1/30/20,We Want the Fump,The Fump,0.01
1/30/20,We Want the Fump,The Fump,0.01
1/30/20,We Want the Fump,The Fump,0.01
1/10/20,50 Ways to Lose Your Luggage,Robert Lund and Spaff.com,0.65
1/10/20,50 Ways to Lose Your Luggage,Robert Lund and Spaff.com,0.3
1/9/20,50 Ways to Lose Your Luggage,Robert Lund and Spaff.com,0.09
1/10/20,50 Ways to Lose Your Luggage,Robert Lund and Spaff.com,0.07
1/14/20,50 Ways to Lose Your Luggage,Robert Lund and Spaff.com,0.04
1/10/20,50 Ways to Lose Your Luggage,Robert Lund and Spaff.com,0.03
1/10/20,50 Ways to Lose Your Luggage,Robert Lund and Spaff.com,0.03
1/10/20,50 Ways to Lose Your Luggage,Robert Lund and Spaff.com,0.03
1/14/20,50 Ways to Lose Your Luggage,Robert Lund and Spaff.com,0.03
1/9/20,50 Ways to Lose Your Luggage,Robert Lund and Spaff.com,0.02
1/10/20,50 Ways to Lose Your Luggage,Robert Lund and Spaff.com,0.02
1/10/20,50 Ways to Lose Your Luggage,Robert Lund and Spaff.com,0.02
1/10/20,50 Ways to Lose Your Luggage,Robert Lund and Spaff.com,0.02
1/10/20,50 Ways to Lose Your Luggage,Robert Lund and Spaff.com,0.02
1/10/20,50 Ways to Lose Your Luggage,Robert Lund and Spaff.com,0.02
1/14/20,50 Ways to Lose Your Luggage,Robert Lund and Spaff.com,0.02
1/22/20,50 Ways to Lose Your Luggage,Robert Lund and Spaff.com,0.02
1/9/20,50 Ways to Lose Your Luggage,Robert Lund and Spaff.com,0.01
1/9/20,50 Ways to Lose Your Luggage,Robert Lund and Spaff.com,0.01
1/10/20,50 Ways to Lose Your Luggage,Robert Lund and Spaff.com,0.01
1/10/20,50 Ways to Lose Your Luggage,Robert Lund and Spaff.com,0.01
1/10/20,50 Ways to Lose Your Luggage,Robert Lund and Spaff.com,0.01
1/10/20,50 Ways to Lose Your Luggage,Robert Lund and Spaff.com,0.01
1/10/20,50 Ways to Lose Your Luggage,Robert Lund and Spaff.com,0.01
1/10/20,50 Ways to Lose Your Luggage,Robert Lund and Spaff.com,0.01
1/10/20,50 Ways to Lose Your Luggage,Robert Lund and Spaff.com,0.01
1/14/20,50 Ways to Lose Your Luggage,Robert Lund and Spaff.com,0.01
1/22/20,50 Ways to Lose Your Luggage,Robert Lund and Spaff.com,0.01
1/10/20,80s Chords,Rob Balder,0.02
1/10/20,80s Chords,Rob Balder,0.01
1/10/20,80s Chords,Rob Balder,0.01
1/14/20,80s Chords,Rob Balder,0.01
1/10/20,99 Words for Boobs,Robert Lund and Spaff.com,2.17
1/14/20,99 Words for Boobs,Robert Lund and Spaff.com,2.16
1/14/20,99 Words for Boobs,Robert Lund and Spaff.com,1.48
1/22/20,99 Words for Boobs,Robert Lund and Spaff.com,1.27
1/14/20,99 Words for Boobs,Robert Lund and Spaff.com,0.99
1/22/20,99 Words for Boobs,Robert Lund and Spaff.com,0.74
1/10/20,99 Words for Boobs,Robert Lund and Spaff.com,0.69
1/3/20,99 Words for Boobs,Robert Lund and Spaff.com,0.68
1/10/20,99 Words for Boobs,Robert Lund and Spaff.com,0.64
1/14/20,99 Words for Boobs,Robert Lund and Spaff.com,0.35
1/14/20,99 Words for Boobs,Robert Lund and Spaff.com,0.35
1/14/20,99 Words for Boobs,Robert Lund and Spaff.com,0.34
1/10/20,99 Words for Boobs,Robert Lund and Spaff.com,0.33
1/14/20,99 Words for Boobs,Robert Lund and Spaff.com,0.28
1/14/20,99 Words for Boobs,Robert Lund and Spaff.com,0.25
1/22/20,99 Words for Boobs,Robert Lund and Spaff.com,0.24
1/10/20,99 Words for Boobs,Robert Lund and Spaff.com,0.23
1/14/20,99 Words for Boobs,Robert Lund and Spaff.com,0.23
1/10/20,99 Words for Boobs,Robert Lund and Spaff.com,0.18
1/14/20,99 Words for Boobs,Robert Lund and Spaff.com,0.17
1/22/20,99 Words for Boobs,Robert Lund and Spaff.com,0.17
1/10/20,99 Words for Boobs,Robert Lund and Spaff.com,0.13
1/14/20,99 Words for Boobs,Robert Lund and Spaff.com,0.13
1/14/20,99 Words for Boobs,Robert Lund and Spaff.com,0.13
1/9/20,99 Words for Boobs,Robert Lund and Spaff.com,0.12
1/14/20,99 Words for Boobs,Robert Lund and Spaff.com,0.12
1/1/20,99 Words for Boobs,Robert Lund and Spaff.com,0.11
1/10/20,99 Words for Boobs,Robert Lund and Spaff.com,0.11
1/14/20,99 Words for Boobs,Robert Lund and Spaff.com,0.11
1/14/20,99 Words for Boobs,Robert Lund and Spaff.com,0.11
1/10/20,99 Words for Boobs,Robert Lund and Spaff.com,0.1
1/14/20,99 Words for Boobs,Robert Lund and Spaff.com,0.1
1/14/20,99 Words for Boobs,Robert Lund and Spaff.com,0.1
1/10/20,99 Words for Boobs,Robert Lund and Spaff.com,0.09
1/14/20,99 Words for Boobs,Robert Lund and Spaff.com,0.09
1/14/20,99 Words for Boobs,Robert Lund and Spaff.com,0.08
1/1/20,99 Words for Boobs,Robert Lund and Spaff.com,0.07
1/10/20,99 Words for Boobs,Robert Lund and Spaff.com,0.07
1/14/20,99 Words for Boobs,Robert Lund and Spaff.com,0.07
1/14/20,99 Words for Boobs,Robert Lund and Spaff.com,0.07
1/14/20,99 Words for Boobs,Robert Lund and Spaff.com,0.07
1/28/20,99 Words for Boobs,Robert Lund and Spaff.com,0.07
1/3/20,99 Words for Boobs,Robert Lund and Spaff.com,0.06
1/10/20,99 Words for Boobs,Robert Lund and Spaff.com,0.06
1/30/20,99 Words for Boobs,Robert Lund and Spaff.com,0.06
1/1/20,99 Words for Boobs,Robert Lund and Spaff.com,0.05
1/2/20,99 Words for Boobs,Robert Lund and Spaff.com,0.05
1/9/20,99 Words for Boobs,Robert Lund and Spaff.com,0.05
1/14/20,99 Words for Boobs,Robert Lund and Spaff.com,0.05
1/14/20,99 Words for Boobs,Robert Lund and Spaff.com,0.05
1/14/20,99 Words for Boobs,Robert Lund and Spaff.com,0.05
1/22/20,99 Words for Boobs,Robert Lund and Spaff.com,0.05
1/28/20,99 Words for Boobs,Robert Lund and Spaff.com,0.05
1/14/20,99 Words for Boobs,Robert Lund and Spaff.com,0.04
1/14/20,99 Words for Boobs,Robert Lund and Spaff.com,0.04
1/1/20,99 Words for Boobs,Robert Lund and Spaff.com,0.03
1/10/20,99 Words for Boobs,Robert Lund and Spaff.com,0.03
1/14/20,99 Words for Boobs,Robert Lund and Spaff.com,0.03
1/14/20,99 Words for Boobs,Robert Lund and Spaff.com,0.03
1/14/20,99 Words for Boobs,Robert Lund and Spaff.com,0.03
1/14/20,99 Words for Boobs,Robert Lund and Spaff.com,0.03
1/27/20,99 Words for Boobs,Robert Lund and Spaff.com,0.03
1/28/20,99 Words for Boobs,Robert Lund and Spaff.com,0.03
1/1/20,99 Words for Boobs,Robert Lund and Spaff.com,0.02
1/1/20,99 Words for Boobs,Robert Lund and Spaff.com,0.02
1/9/20,99 Words for Boobs,Robert Lund and Spaff.com,0.02
1/10/20,99 Words for Boobs,Robert Lund and Spaff.com,0.02
1/10/20,99 Words for Boobs,Robert Lund and Spaff.com,0.02
1/14/20,99 Words for Boobs,Robert Lund and Spaff.com,0.02
1/14/20,99 Words for Boobs,Robert Lund and Spaff.com,0.02
1/14/20,99 Words for Boobs,Robert Lund and Spaff.com,0.02
1/14/20,99 Words for Boobs,Robert Lund and Spaff.com,0.02
1/14/20,99 Words for Boobs,Robert Lund and Spaff.com,0.02
1/14/20,99 Words for Boobs,Robert Lund and Spaff.com,0.02
1/14/20,99 Words for Boobs,Robert Lund and Spaff.com,0.02
1/14/20,99 Words for Boobs,Robert Lund and Spaff.com,0.02
1/14/20,99 Words for Boobs,Robert Lund and Spaff.com,0.02
1/22/20,99 Words for Boobs,Robert Lund and Spaff.com,0.02
1/28/20,99 Words for Boobs,Robert Lund and Spaff.com,0.02
1/1/20,99 Words for Boobs,Robert Lund and Spaff.com,0.01
1/1/20,99 Words for Boobs,Robert Lund and Spaff.com,0.01
1/1/20,99 Words for Boobs,Robert Lund and Spaff.com,0.01
1/3/20,99 Words for Boobs,Robert Lund and Spaff.com,0.01
1/3/20,99 Words for Boobs,Robert Lund and Spaff.com,0.01
1/10/20,99 Words for Boobs,Robert Lund and Spaff.com,0.01
1/10/20,99 Words for Boobs,Robert Lund and Spaff.com,0.01
1/10/20,99 Words for Boobs,Robert Lund and Spaff.com,0.01
1/10/20,99 Words for Boobs,Robert Lund and Spaff.com,0.01
1/10/20,99 Words for Boobs,Robert Lund and Spaff.com,0.01
1/10/20,99 Words for Boobs,Robert Lund and Spaff.com,0.01
1/10/20,99 Words for Boobs,Robert Lund and Spaff.com,0.01
1/10/20,99 Words for Boobs,Robert Lund and Spaff.com,0.01
1/10/20,99 Words for Boobs,Robert Lund and Spaff.com,0.01
1/10/20,99 Words for Boobs,Robert Lund and Spaff.com,0.01
1/10/20,99 Words for Boobs,Robert Lund and Spaff.com,0.01
1/10/20,99 Words for Boobs,Robert Lund and Spaff.com,0.01
1/10/20,99 Words for Boobs,Robert Lund and Spaff.com,0.01
1/14/20,99 Words for Boobs,Robert Lund and Spaff.com,0.01
1/14/20,99 Words for Boobs,Robert Lund and Spaff.com,0.01
1/14/20,99 Words for Boobs,Robert Lund and Spaff.com,0.01
1/14/20,99 Words for Boobs,Robert Lund and Spaff.com,0.01
1/14/20,99 Words for Boobs,Robert Lund and Spaff.com,0.01
1/14/20,99 Words for Boobs,Robert Lund and Spaff.com,0.01
1/14/20,99 Words for Boobs,Robert Lund and Spaff.com,0.01
1/14/20,99 Words for Boobs,Robert Lund and Spaff.com,0.01
1/14/20,99 Words for Boobs,Robert Lund and Spaff.com,0.01
1/14/20,99 Words for Boobs,Robert Lund and Spaff.com,0.01
1/14/20,99 Words for Boobs,Robert Lund and Spaff.com,0.01
1/14/20,99 Words for Boobs,Robert Lund and Spaff.com,0.01
1/14/20,99 Words for Boobs,Robert Lund and Spaff.com,0.01
1/14/20,99 Words for Boobs,Robert Lund and Spaff.com,0.01
1/14/20,99 Words for Boobs,Robert Lund and Spaff.com,0.01
1/14/20,99 Words for Boobs,Robert Lund and Spaff.com,0.01
1/14/20,99 Words for Boobs,Robert Lund and Spaff.com,0.01
1/14/20,99 Words for Boobs,Robert Lund and Spaff.com,0.01
1/14/20,99 Words for Boobs,Robert Lund and Spaff.com,0.01
1/14/20,99 Words for Boobs,Robert Lund and Spaff.com,0.01
1/14/20,99 Words for Boobs,Robert Lund and Spaff.com,0.01
1/14/20,99 Words for Boobs,Robert Lund and Spaff.com,0.01
1/14/20,99 Words for Boobs,Robert Lund and Spaff.com,0.01
1/14/20,99 Words for Boobs,Robert Lund and Spaff.com,0.01
1/22/20,99 Words for Boobs,Robert Lund and Spaff.com,0.01
1/22/20,99 Words for Boobs,Robert Lund and Spaff.com,0.01
1/22/20,99 Words for Boobs,Robert Lund and Spaff.com,0.01
1/22/20,99 Words for Boobs,Robert Lund and Spaff.com,0.01
1/22/20,99 Words for Boobs,Robert Lund and Spaff.com,0.01
1/27/20,99 Words for Boobs,Robert Lund and Spaff.com,0.01
1/28/20,99 Words for Boobs,Robert Lund and Spaff.com,0.01
1/28/20,99 Words for Boobs,Robert Lund and Spaff.com,0.01
1/28/20,99 Words for Boobs,Robert Lund and Spaff.com,0.01
1/30/20,99 Words for Boobs,Robert Lund and Spaff.com,0.01
1/30/20,99 Words for Boobs,Robert Lund and Spaff.com,0.01
1/30/20,99 Words for Boobs,Robert Lund and Spaff.com,0.01
1/30/20,99 Words for Boobs,Robert Lund and Spaff.com,0.01
1/10/20,All Out of Beer,Possible Oscar,0.06
1/10/20,All Out of Beer,Possible Oscar,0.02
1/14/20,All Out of Beer,Possible Oscar,0.02
1/2/20,All Out of Beer,Possible Oscar,0.01
1/10/20,All Out of Beer,Possible Oscar,0.01
1/22/20,All Out of Beer,Possible Oscar,0.01
1/10/20,Angus Beef Patties with Cheese and Bacon,Hot Waffles,0.03
1/22/20,Angus Beef Patties with Cheese and Bacon,Hot Waffles,0.02
1/3/20,Angus Beef Patties with Cheese and Bacon,Hot Waffles,0.01
1/10/20,Angus Beef Patties with Cheese and Bacon,Hot Waffles,0.01
1/14/20,Angus Beef Patties with Cheese and Bacon,Hot Waffles,0.01
1/14/20,Are You Gonna Eat Yer Squirrel?,Seamonkey,0.04
1/14/20,Are You Gonna Eat Yer Squirrel?,Seamonkey,0.04
1/14/20,Are You Gonna Eat Yer Squirrel?,Seamonkey,0.03
1/14/20,Are You Gonna Eat Yer Squirrel?,Seamonkey,0.03
1/22/20,Are You Gonna Eat Yer Squirrel?,Seamonkey,0.02
1/27/20,Are You Gonna Eat Yer Squirrel?,Seamonkey,0.02
1/10/20,Are You Gonna Eat Yer Squirrel?,Seamonkey,0.01
1/10/20,Are You Gonna Eat Yer Squirrel?,Seamonkey,0.01
1/14/20,Are You Gonna Eat Yer Squirrel?,Seamonkey,0.01
1/10/20,Bacon!,the great Luke Ski,0.07
1/10/20,Bacon!,the great Luke Ski,0.04
1/10/20,Bacon!,the great Luke Ski,0.01
1/10/20,Bacon!,the great Luke Ski,0.01
1/22/20,Bacon!,the great Luke Ski,0.01
1/10/20,Blood Guts and Boobs,Sudden Death,0.04
1/10/20,Blood Guts and Boobs,Sudden Death,0.04
1/10/20,Blood Guts and Boobs,Sudden Death,0.01
1/10/20,Boyfriend Points,Tom Smith,0.06
1/14/20,Boyfriend Points,Tom Smith,0.04
1/14/20,Boyfriend Points,Tom Smith,0.02
1/2/20,Boyfriend Points,Tom Smith,0.01
1/10/20,Boyfriend Points,Tom Smith,0.01
1/14/20,Boyfriend Points,Tom Smith,0.01
1/22/20,Boyfriend Points,Tom Smith,0.01
1/10/20,C Is for Lettuce,Worm Quartet,0.02
1/10/20,C Is for Lettuce,Worm Quartet,0.01
1/10/20,C Is for Lettuce,Worm Quartet,0.01
1/10/20,C Is for Lettuce,Worm Quartet,0.01
1/14/20,C Is for Lettuce,Worm Quartet,0.01
1/22/20,C Is for Lettuce,Worm Quartet,0.01
1/10/20,Call Me Jennifer And Steal My Stapler - SVGM Remastered Version,Worm Quartet,0.03
1/10/20,Call Me Jennifer And Steal My Stapler - SVGM Remastered Version,Worm Quartet,0.01
1/10/20,Call Me Jennifer And Steal My Stapler - SVGM Remastered Version,Worm Quartet,0.01
1/10/20,Call Me Jennifer And Steal My Stapler - SVGM Remastered Version,Worm Quartet,0.01
1/10/20,Call Me Jennifer And Steal My Stapler - SVGM Remastered Version,Worm Quartet,0.01
1/22/20,Call Me Jennifer And Steal My Stapler - SVGM Remastered Version,Worm Quartet,0.01
1/10/20,Capitol Hill,Robert Lund and Spaff.com,0.07
1/10/20,Capitol Hill,Robert Lund and Spaff.com,0.03
1/10/20,Capitol Hill,Robert Lund and Spaff.com,0.01
1/10/20,Capitol Hill,Robert Lund and Spaff.com,0.01
1/30/20,Capitol Hill,Robert Lund and Spaff.com,0.01
1/10/20,Cat Macros,Tom Smith,0.03
1/14/20,Cat Macros,Tom Smith,0.03
1/14/20,Cat Macros,Tom Smith,0.03
1/22/20,Cat Macros,Tom Smith,0.02
1/10/20,Cat Macros,Tom Smith,0.01
1/10/20,Cat Macros,Tom Smith,0.01
1/10/20,Cat Macros,Tom Smith,0.01
1/14/20,Cat Macros,Tom Smith,0.01
1/9/20,Cellular Degeneration,Sudden Death,0.02
1/10/20,Cellular Degeneration,Sudden Death,0.01
1/10/20,Cellular Degeneration,Sudden Death,0.01
1/10/20,Cellular Degeneration,Sudden Death,0.01
1/10/20,Cellular Degeneration,Sudden Death,0.01
1/22/20,Cellular Degeneration,Sudden Death,0.01
1/22/20,Christmas Time in Texas,Brobdingnagian Bards,0.03
1/10/20,Christmas Time in Texas,Brobdingnagian Bards,0.02
1/22/20,Christmas Time in Texas,Brobdingnagian Bards,0.02
1/10/20,Christmas Time in Texas,Brobdingnagian Bards,0.01
1/3/20,CYA,Tom Smith,0.01
1/10/20,CYA,Tom Smith,0.01
1/22/20,CYA,Tom Smith,0.01
1/10/20,Dead Nintendo (Live At Marscon 2007),Possible Oscar,0.04
1/10/20,Dead Nintendo (Live At Marscon 2007),Possible Oscar,0.02
1/10/20,Dead Nintendo (Live At Marscon 2007),Possible Oscar,0.01
1/14/20,Dead Nintendo (Live At Marscon 2007),Possible Oscar,0.01
1/14/20,Dead Nintendo (Live At Marscon 2007),Possible Oscar,0.01
1/14/20,Dead Nintendo (Live At Marscon 2007),Possible Oscar,0.01
1/10/20,Dear Britney,Carrie Dahlby,0.01
1/10/20,Dementia Revolution - featuring MC Lars,the great Luke Ski,0.31
1/10/20,Dementia Revolution - featuring MC Lars,the great Luke Ski,0.13
1/10/20,Dementia Revolution - featuring MC Lars,the great Luke Ski,0.07
1/10/20,Dementia Revolution - featuring MC Lars,the great Luke Ski,0.02
1/10/20,Dementia Revolution - featuring MC Lars,the great Luke Ski,0.02
1/14/20,Dementia Revolution - featuring MC Lars,the great Luke Ski,0.02
1/14/20,Dementia Revolution - featuring MC Lars,the great Luke Ski,0.02
1/10/20,Dementia Revolution - featuring MC Lars,the great Luke Ski,0.01
1/10/20,Dementia Revolution - featuring MC Lars,the great Luke Ski,0.01
1/10/20,Dementia Revolution - featuring MC Lars,the great Luke Ski,0.01
1/10/20,Dementia Revolution - featuring MC Lars,the great Luke Ski,0.01
1/14/20,Dementia Revolution - featuring MC Lars,the great Luke Ski,0.01
1/22/20,Dementia Revolution - featuring MC Lars,the great Luke Ski,0.01
1/10/20,Does This Make Me Gay? (At The B.O.R.E.D. Tour),Raymond and Scum,0.06
1/10/20,Does This Make Me Gay? (At The B.O.R.E.D. Tour),Raymond and Scum,0.02
1/10/20,Does This Make Me Gay? (At The B.O.R.E.D. Tour),Raymond and Scum,0.02
1/22/20,Does This Make Me Gay? (At The B.O.R.E.D. Tour),Raymond and Scum,0.02
1/2/20,Does This Make Me Gay? (At The B.O.R.E.D. Tour),Raymond and Scum,0.01
1/10/20,Does This Make Me Gay? (At The B.O.R.E.D. Tour),Raymond and Scum,0.01
1/10/20,Does This Make Me Gay? (At The B.O.R.E.D. Tour),Raymond and Scum,0.01
1/14/20,Does This Make Me Gay? (At The B.O.R.E.D. Tour),Raymond and Scum,0.01
1/10/20,Don't Shoot,Rob Balder,0.03
1/10/20,Don't Shoot,Rob Balder,0.02
1/10/20,Don't Shoot,Rob Balder,0.02
1/2/20,Don't Shoot,Rob Balder,0.01
1/10/20,Don't Shoot,Rob Balder,0.01
1/10/20,Don't Shoot,Rob Balder,0.01
1/14/20,Don't Shoot,Rob Balder,0.01
1/22/20,Don't Shoot,Rob Balder,0.01
1/10/20,Eula Dancing,Tom Smith,0.04
1/14/20,Eula Dancing,Tom Smith,0.02
1/10/20,Eula Dancing,Tom Smith,0.01
1/10/20,Eula Dancing,Tom Smith,0.01
1/10/20,Everything's A Song,Carrie Dahlby,0.02
1/10/20,Everything's A Song,Carrie Dahlby,0.01
1/10/20,Everything's A Song,Carrie Dahlby,0.01
1/10/20,Everything's A Song,Carrie Dahlby,0.01
1/14/20,Everything's A Song,Carrie Dahlby,0.01
1/14/20,Everything's A Song,Carrie Dahlby,0.01
1/22/20,Everything's A Song,Carrie Dahlby,0.01
1/10/20,Exclamations,Brobdingnagian Bards,0.04
1/14/20,Exclamations,Brobdingnagian Bards,0.02
1/14/20,Exclamations,Brobdingnagian Bards,0.02
1/10/20,Exclamations,Brobdingnagian Bards,0.01
1/22/20,Exclamations,Brobdingnagian Bards,0.01
1/10/20,First of May,Jonathan Coulton,0.19
1/10/20,First of May,Jonathan Coulton,0.15
1/10/20,First of May,Jonathan Coulton,0.07
1/13/20,First of May,Jonathan Coulton,0.07
1/14/20,First of May,Jonathan Coulton,0.05
1/10/20,First of May,Jonathan Coulton,0.04
1/10/20,First of May,Jonathan Coulton,0.04
1/3/20,First of May,Jonathan Coulton,0.03
1/14/20,First of May,Jonathan Coulton,0.03
1/22/20,First of May,Jonathan Coulton,0.03
1/10/20,First of May,Jonathan Coulton,0.02
1/10/20,First of May,Jonathan Coulton,0.02
1/14/20,First of May,Jonathan Coulton,0.02
1/14/20,First of May,Jonathan Coulton,0.02
1/14/20,First of May,Jonathan Coulton,0.02
1/22/20,First of May,Jonathan Coulton,0.02
1/1/20,First of May,Jonathan Coulton,0.01
1/2/20,First of May,Jonathan Coulton,0.01
1/10/20,First of May,Jonathan Coulton,0.01
1/10/20,First of May,Jonathan Coulton,0.01
1/10/20,First of May,Jonathan Coulton,0.01
1/10/20,First of May,Jonathan Coulton,0.01
1/13/20,First of May,Jonathan Coulton,0.01
1/14/20,First of May,Jonathan Coulton,0.01
1/14/20,First of May,Jonathan Coulton,0.01
1/14/20,First of May,Jonathan Coulton,0.01
1/14/20,First of May,Jonathan Coulton,0.01
1/14/20,First of May,Jonathan Coulton,0.01
1/22/20,First of May,Jonathan Coulton,0.01
1/30/20,First of May,Jonathan Coulton,0.01
1/14/20,Garlic Is for Lovers,Tom Smith,0.02
1/22/20,Garlic Is for Lovers,Tom Smith,0.02
1/10/20,Garlic Is for Lovers,Tom Smith,0.01
1/14/20,Garlic Is for Lovers,Tom Smith,0.01
1/14/20,Get a Real Dog (Gothsicles Remix),Worm Quartet,0.02
1/10/20,Get a Real Dog (Gothsicles Remix),Worm Quartet,0.01
1/10/20,Get a Real Dog (Gothsicles Remix),Worm Quartet,0.01
1/10/20,Get a Real Dog (Gothsicles Remix),Worm Quartet,0.01
1/14/20,Get a Real Dog (Gothsicles Remix),Worm Quartet,0.01
1/14/20,Gettin' Giggity Wit It,the great Luke Ski,0.19
1/14/20,Gettin' Giggity Wit It,the great Luke Ski,0.1
1/10/20,Gettin' Giggity Wit It,the great Luke Ski,0.05
1/14/20,Gettin' Giggity Wit It,the great Luke Ski,0.04
1/14/20,Gettin' Giggity Wit It,the great Luke Ski,0.03
1/14/20,Gettin' Giggity Wit It,the great Luke Ski,0.03
1/22/20,Gettin' Giggity Wit It,the great Luke Ski,0.02
1/27/20,Gettin' Giggity Wit It,the great Luke Ski,0.02
1/1/20,Gettin' Giggity Wit It,the great Luke Ski,0.01
1/10/20,Gettin' Giggity Wit It,the great Luke Ski,0.01
1/10/20,Gettin' Giggity Wit It,the great Luke Ski,0.01
1/14/20,Gettin' Giggity Wit It,the great Luke Ski,0.01
1/14/20,Gettin' Giggity Wit It,the great Luke Ski,0.01
1/14/20,Gettin' Giggity Wit It,the great Luke Ski,0.01
1/14/20,Gettin' Giggity Wit It,the great Luke Ski,0.01
1/14/20,Gettin' Giggity Wit It,the great Luke Ski,0.01
1/14/20,Gettin' Giggity Wit It,the great Luke Ski,0.01
1/10/20,Getting Old Sucks,Sudden Death,0.07
1/10/20,Getting Old Sucks,Sudden Death,0.07
1/10/20,Getting Old Sucks,Sudden Death,0.03
1/10/20,Getting Old Sucks,Sudden Death,0.03
1/14/20,Getting Old Sucks,Sudden Death,0.03
1/14/20,Getting Old Sucks,Sudden Death,0.02
1/10/20,Getting Old Sucks,Sudden Death,0.01
1/10/20,Getting Old Sucks,Sudden Death,0.01
1/10/20,Getting Old Sucks,Sudden Death,0.01
1/14/20,Getting Old Sucks,Sudden Death,0.01
1/14/20,Getting Old Sucks,Sudden Death,0.01
1/22/20,Getting Old Sucks,Sudden Death,0.01
1/10/20,Give It to Everybody,Sudden Death,0.01
1/10/20,Give It to Everybody,Sudden Death,0.01
1/14/20,Give It to Everybody,Sudden Death,0.01
1/14/20,Give It to Everybody,Sudden Death,0.01
1/22/20,Give It to Everybody,Sudden Death,0.01
1/10/20,Great Idea for a Song (Tesh-as-a-mofo Version),Worm Quartet,0.1
1/14/20,Great Idea for a Song (Tesh-as-a-mofo Version),Worm Quartet,0.08
1/10/20,Great Idea for a Song (Tesh-as-a-mofo Version),Worm Quartet,0.04
1/14/20,Great Idea for a Song (Tesh-as-a-mofo Version),Worm Quartet,0.03
1/14/20,Great Idea for a Song (Tesh-as-a-mofo Version),Worm Quartet,0.03
1/10/20,Great Idea for a Song (Tesh-as-a-mofo Version),Worm Quartet,0.02
1/27/20,Great Idea for a Song (Tesh-as-a-mofo Version),Worm Quartet,0.02
1/10/20,Great Idea for a Song (Tesh-as-a-mofo Version),Worm Quartet,0.01
1/10/20,Great Idea for a Song (Tesh-as-a-mofo Version),Worm Quartet,0.01
1/14/20,Great Idea for a Song (Tesh-as-a-mofo Version),Worm Quartet,0.01
1/10/20,Hair On The Soap: Unclogged,Worm Quartet,0.03
1/10/20,Hair On The Soap: Unclogged,Worm Quartet,0.02
1/10/20,Hair On The Soap: Unclogged,Worm Quartet,0.01
1/10/20,Hair On The Soap: Unclogged,Worm Quartet,0.01
1/14/20,Hair On The Soap: Unclogged,Worm Quartet,0.01
1/22/20,Hair On The Soap: Unclogged,Worm Quartet,0.01
1/27/20,Hair On The Soap: Unclogged,Worm Quartet,0.01
1/14/20,Have You Kicked An Emo Kid's Ass Today?,Hot Waffles,0.03
1/10/20,Have You Kicked An Emo Kid's Ass Today?,Hot Waffles,0.02
1/10/20,Have You Kicked An Emo Kid's Ass Today?,Hot Waffles,0.01
1/10/20,Have You Kicked An Emo Kid's Ass Today?,Hot Waffles,0.01
1/14/20,Have You Kicked An Emo Kid's Ass Today?,Hot Waffles,0.01
1/10/20,Hoist the Jolly Roget's,Rob Balder,0.04
1/10/20,Hoist the Jolly Roget's,Rob Balder,0.02
1/10/20,Hoist the Jolly Roget's,Rob Balder,0.01
1/10/20,Holding Out for Hiro,the great Luke Ski,0.51
1/10/20,Holding Out for Hiro,the great Luke Ski,0.32
1/10/20,Holding Out for Hiro,the great Luke Ski,0.08
1/10/20,Holding Out for Hiro,the great Luke Ski,0.04
1/10/20,Holding Out for Hiro,the great Luke Ski,0.03
1/10/20,Holding Out for Hiro,the great Luke Ski,0.03
1/10/20,Holding Out for Hiro,the great Luke Ski,0.02
1/3/20,Holding Out for Hiro,the great Luke Ski,0.01
1/10/20,Holding Out for Hiro,the great Luke Ski,0.01
1/10/20,Holding Out for Hiro,the great Luke Ski,0.01
1/10/20,Holding Out for Hiro,the great Luke Ski,0.01
1/10/20,Holding Out for Hiro,the great Luke Ski,0.01
1/14/20,Holding Out for Hiro,the great Luke Ski,0.01
1/14/20,Holding Out for Hiro,the great Luke Ski,0.01
1/10/20,How We Recycle,Possible Oscar,0.06
1/10/20,How We Recycle,Possible Oscar,0.02
1/10/20,How We Recycle,Possible Oscar,0.01
1/10/20,How We Recycle,Possible Oscar,0.01
1/14/20,How We Recycle,Possible Oscar,0.01
1/14/20,How We Recycle,Possible Oscar,0.01
1/14/20,How We Recycle,Possible Oscar,0.01
1/10/20,Hyperspace Cryogenic Insomnia Blues,Tom Smith,0.03
1/14/20,Hyperspace Cryogenic Insomnia Blues,Tom Smith,0.03
1/14/20,Hyperspace Cryogenic Insomnia Blues,Tom Smith,0.02
1/22/20,Hyperspace Cryogenic Insomnia Blues,Tom Smith,0.02
1/1/20,Hyperspace Cryogenic Insomnia Blues,Tom Smith,0.01
1/3/20,Hyperspace Cryogenic Insomnia Blues,Tom Smith,0.01
1/10/20,Hyperspace Cryogenic Insomnia Blues,Tom Smith,0.01
1/14/20,Hyperspace Cryogenic Insomnia Blues,Tom Smith,0.01
1/14/20,Hyperspace Cryogenic Insomnia Blues,Tom Smith,0.01
1/22/20,Hyperspace Cryogenic Insomnia Blues,Tom Smith,0.01
1/22/20,I Heart Thanksgiving,Robert Lund and Spaff.com,0.64
1/10/20,I Heart Thanksgiving,Robert Lund and Spaff.com,0.05
1/22/20,I Heart Thanksgiving,Robert Lund and Spaff.com,0.05
1/10/20,I Heart Thanksgiving,Robert Lund and Spaff.com,0.04
1/22/20,I Heart Thanksgiving,Robert Lund and Spaff.com,0.04
1/10/20,I Heart Thanksgiving,Robert Lund and Spaff.com,0.01
1/10/20,I Heart Thanksgiving,Robert Lund and Spaff.com,0.01
1/10/20,I Heart Thanksgiving,Robert Lund and Spaff.com,0.01
1/14/20,I Heart Thanksgiving,Robert Lund and Spaff.com,0.01
1/14/20,I Love You TiVo: Acappella Mix,the great Luke Ski,0.02
1/14/20,I Love You TiVo: Acappella Mix,the great Luke Ski,0.02
1/2/20,I Love You TiVo: Acappella Mix,the great Luke Ski,0.01
1/10/20,I Love You TiVo: Acappella Mix,the great Luke Ski,0.01
1/10/20,I Love You TiVo: Acappella Mix,the great Luke Ski,0.01
1/10/20,I Love You TiVo: Acappella Mix,the great Luke Ski,0.01
1/14/20,I Love You TiVo: Acappella Mix,the great Luke Ski,0.01
1/14/20,I Love You TiVo: Acappella Mix,the great Luke Ski,0.01
1/28/20,I Think Monroe Shot Rudolph,Carl Hatmaker,0.49
1/10/20,I Think Monroe Shot Rudolph,Carl Hatmaker,0.02
1/22/20,I Think Monroe Shot Rudolph,Carl Hatmaker,0.02
1/14/20,I Think Monroe Shot Rudolph,Carl Hatmaker,0.01
1/2/20,I Want to Be Taken Seriously As An Artist,Worm Quartet,0.01
1/10/20,I Want to Be Taken Seriously As An Artist,Worm Quartet,0.01
1/10/20,I Want to Be Taken Seriously As An Artist,Worm Quartet,0.01
1/14/20,I Want to Be Taken Seriously As An Artist,Worm Quartet,0.01
1/14/20,I'm Gonna Procrastinate,Rob Balder,0.04
1/10/20,I'm Gonna Procrastinate,Rob Balder,0.03
1/14/20,I'm Gonna Procrastinate,Rob Balder,0.03
1/14/20,I'm Gonna Procrastinate,Rob Balder,0.02
1/10/20,I'm Gonna Procrastinate,Rob Balder,0.01
1/10/20,I'm N Luv Wit Muh Sister,Seamonkey,0.04
1/14/20,I'm N Luv Wit Muh Sister,Seamonkey,0.03
1/14/20,I'm N Luv Wit Muh Sister,Seamonkey,0.03
1/14/20,I'm N Luv Wit Muh Sister,Seamonkey,0.03
1/10/20,I'm N Luv Wit Muh Sister,Seamonkey,0.02
1/14/20,I'm N Luv Wit Muh Sister,Seamonkey,0.02
1/10/20,I'm N Luv Wit Muh Sister,Seamonkey,0.01
1/14/20,I'm N Luv Wit Muh Sister,Seamonkey,0.01
1/14/20,I'm N Luv Wit Muh Sister,Seamonkey,0.01
1/14/20,I'm N Luv Wit Muh Sister,Seamonkey,0.01
1/14/20,I'm On It - Wikipedia,Sudden Death,0.02
1/10/20,I'm On It - Wikipedia,Sudden Death,0.01
1/10/20,I'm On It - Wikipedia,Sudden Death,0.01
1/14/20,I'm On It - Wikipedia,Sudden Death,0.01
1/14/20,I'm On It - Wikipedia,Sudden Death,0.01
1/10/20,I've Got Garageband,Project Sisyphus,0.09
1/10/20,I've Got Garageband,Project Sisyphus,0.01
1/14/20,I've Got Garageband,Project Sisyphus,0.01
1/22/20,I've Got Garageband,Project Sisyphus,0.01
1/10/20,Insert Geek Cliche Here,Tom Smith,0.04
1/10/20,Insert Geek Cliche Here,Tom Smith,0.02
1/14/20,Insert Geek Cliche Here,Tom Smith,0.02
1/14/20,Insert Geek Cliche Here,Tom Smith,0.02
1/10/20,Insert Geek Cliche Here,Tom Smith,0.01
1/14/20,Insert Geek Cliche Here,Tom Smith,0.01
1/10/20,It Takes Who,the great Luke Ski,0.08
1/14/20,It Takes Who,the great Luke Ski,0.06
1/10/20,It Takes Who,the great Luke Ski,0.02
1/14/20,It Takes Who,the great Luke Ski,0.02
1/14/20,It Takes Who,the great Luke Ski,0.02
1/10/20,It Takes Who,the great Luke Ski,0.01
1/14/20,It Takes Who,the great Luke Ski,0.01
1/22/20,It Takes Who,the great Luke Ski,0.01
1/22/20,It's A Fanboy Christmas II - The Wrath Of Claus,the great Luke Ski,0.07
1/10/20,It's A Fanboy Christmas II - The Wrath Of Claus,the great Luke Ski,0.03
1/22/20,It's A Fanboy Christmas II - The Wrath Of Claus,the great Luke Ski,0.03
1/10/20,It's A Fanboy Christmas II - The Wrath Of Claus,the great Luke Ski,0.01
1/14/20,It's A Fanboy Christmas II - The Wrath Of Claus,the great Luke Ski,0.01
1/14/20,It's A Fanboy Christmas II - The Wrath Of Claus,the great Luke Ski,0.01
1/22/20,It's A Fanboy Christmas II - The Wrath Of Claus,the great Luke Ski,0.01
1/10/20,Jail!,Robert Lund and Spaff.com,0.03
1/10/20,Jail!,Robert Lund and Spaff.com,0.02
1/10/20,Jail!,Robert Lund and Spaff.com,0.02
1/14/20,Jail!,Robert Lund and Spaff.com,0.02
1/14/20,Jail!,Robert Lund and Spaff.com,0.02
1/22/20,Jail!,Robert Lund and Spaff.com,0.02
1/2/20,Jail!,Robert Lund and Spaff.com,0.01
1/10/20,Jail!,Robert Lund and Spaff.com,0.01
1/10/20,Jail!,Robert Lund and Spaff.com,0.01
1/10/20,Jail!,Robert Lund and Spaff.com,0.01
1/10/20,Jail!,Robert Lund and Spaff.com,0.01
1/14/20,Jail!,Robert Lund and Spaff.com,0.01
1/22/20,Jail!,Robert Lund and Spaff.com,0.01
1/30/20,Jail!,Robert Lund and Spaff.com,0.01
1/22/20,Jedi Drinking Song Prequel LIVE,Brobdingnagian Bards,0.64
1/10/20,Jedi Drinking Song Prequel LIVE,Brobdingnagian Bards,0.4
1/10/20,Jedi Drinking Song Prequel LIVE,Brobdingnagian Bards,0.15
1/10/20,Jedi Drinking Song Prequel LIVE,Brobdingnagian Bards,0.05
1/9/20,Jedi Drinking Song Prequel LIVE,Brobdingnagian Bards,0.02
1/10/20,Jedi Drinking Song Prequel LIVE,Brobdingnagian Bards,0.02
1/22/20,Jedi Drinking Song Prequel LIVE,Brobdingnagian Bards,0.02
1/10/20,Jedi Drinking Song Prequel LIVE,Brobdingnagian Bards,0.01
1/10/20,Jedi Drinking Song Prequel LIVE,Brobdingnagian Bards,0.01
1/10/20,Jedi Drinking Song Prequel LIVE,Brobdingnagian Bards,0.01
1/10/20,Jedi Drinking Song Prequel LIVE,Brobdingnagian Bards,0.01
1/10/20,Jedi Drinking Song Prequel LIVE,Brobdingnagian Bards,0.01
1/14/20,Jedi Drinking Song Prequel LIVE,Brobdingnagian Bards,0.01
1/14/20,Jedi Drinking Song Prequel LIVE,Brobdingnagian Bards,0.01
1/14/20,Jedi Drinking Song Prequel LIVE,Brobdingnagian Bards,0.01
1/22/20,Jedi Drinking Song Prequel LIVE,Brobdingnagian Bards,0.01
1/3/20,Laser Ablation,Power Salad,0.01
1/10/20,Laser Ablation,Power Salad,0.01
1/14/20,Laser Ablation,Power Salad,0.01
1/10/20,Less Than Three,Worm Quartet,0.01
1/10/20,Less Than Three,Worm Quartet,0.01
1/10/20,Less Than Three,Worm Quartet,0.01
1/14/20,Less Than Three,Worm Quartet,0.01
1/14/20,Less Than Three,Worm Quartet,0.01
1/22/20,Less Than Three,Worm Quartet,0.01
1/2/20,Longer,Sudden Death,0.01
1/3/20,Longer,Sudden Death,0.01
1/10/20,Longer,Sudden Death,0.01
1/22/20,Longer,Sudden Death,0.01
1/10/20,Love (What Is Love),Raymond and Scum,0.02
1/2/20,Love (What Is Love),Raymond and Scum,0.01
1/10/20,Love (What Is Love),Raymond and Scum,0.01
1/10/20,Love (What Is Love),Raymond and Scum,0.01
1/10/20,Man From Dunder,the great Luke Ski,0.07
1/10/20,Man From Dunder,the great Luke Ski,0.03
1/10/20,Man From Dunder,the great Luke Ski,0.02
1/10/20,Man From Dunder,the great Luke Ski,0.01
1/14/20,Man From Dunder,the great Luke Ski,0.01
1/14/20,Man From Dunder,the great Luke Ski,0.01
1/22/20,Man From Dunder,the great Luke Ski,0.01
1/22/20,Man From Dunder,the great Luke Ski,0.01
1/22/20,Man From Dunder,the great Luke Ski,0.01
1/14/20,MC Freberg,the great Luke Ski,0.05
1/10/20,MC Freberg,the great Luke Ski,0.04
1/14/20,MC Freberg,the great Luke Ski,0.02
1/14/20,MC Freberg,the great Luke Ski,0.02
1/2/20,MC Freberg,the great Luke Ski,0.01
1/9/20,MC Freberg,the great Luke Ski,0.01
1/10/20,MC Freberg,the great Luke Ski,0.01
1/10/20,MC Freberg,the great Luke Ski,0.01
1/22/20,MC Freberg,the great Luke Ski,0.01
1/22/20,MC Freberg,the great Luke Ski,0.01
1/10/20,Middle Earth Bragging Song,Marc Gunn,0.05
1/10/20,Middle Earth Bragging Song,Marc Gunn,0.03
1/9/20,Middle Earth Bragging Song,Marc Gunn,0.02
1/10/20,Middle Earth Bragging Song,Marc Gunn,0.02
1/14/20,Middle Earth Bragging Song,Marc Gunn,0.02
1/10/20,Middle Earth Bragging Song,Marc Gunn,0.01
1/10/20,Middle Earth Bragging Song,Marc Gunn,0.01
1/22/20,Middle Earth Bragging Song,Marc Gunn,0.01
1/10/20,Muppet Laboratories,Rob Balder,0.04
1/14/20,Muppet Laboratories,Rob Balder,0.04
1/10/20,Muppet Laboratories,Rob Balder,0.02
1/10/20,Muppet Laboratories,Rob Balder,0.02
1/10/20,Muppet Laboratories,Rob Balder,0.01
1/10/20,Muppet Laboratories,Rob Balder,0.01
1/10/20,Muppet Laboratories,Rob Balder,0.01
1/14/20,Muppet Laboratories,Rob Balder,0.01
1/14/20,Muppet Laboratories,Rob Balder,0.01
1/22/20,Muppet Laboratories,Rob Balder,0.01
1/10/20,My Apologies,Worm Quartet,0.01
1/10/20,My Atari,Sudden Death,0.01
1/10/20,My Atari,Sudden Death,0.01
1/10/20,My Atari,Sudden Death,0.01
1/14/20,My Atari,Sudden Death,0.01
1/10/20,My Men's Room Date's a Senator,Robert Lund and Spaff.com,0.07
1/10/20,My Men's Room Date's a Senator,Robert Lund and Spaff.com,0.03
1/10/20,My Men's Room Date's a Senator,Robert Lund and Spaff.com,0.03
1/14/20,My Men's Room Date's a Senator,Robert Lund and Spaff.com,0.03
1/10/20,My Men's Room Date's a Senator,Robert Lund and Spaff.com,0.02
1/22/20,My Men's Room Date's a Senator,Robert Lund and Spaff.com,0.02
1/10/20,My Men's Room Date's a Senator,Robert Lund and Spaff.com,0.01
1/14/20,My Men's Room Date's a Senator,Robert Lund and Spaff.com,0.01
1/14/20,My Men's Room Date's a Senator,Robert Lund and Spaff.com,0.01
1/14/20,My Men's Room Date's a Senator,Robert Lund and Spaff.com,0.01
1/22/20,My Men's Room Date's a Senator,Robert Lund and Spaff.com,0.01
1/10/20,Nobody Loves The Comedy Band (LIVE),Raymond and Scum,0.05
1/10/20,Nobody Loves The Comedy Band (LIVE),Raymond and Scum,0.04
1/10/20,Nobody Loves The Comedy Band (LIVE),Raymond and Scum,0.02
1/10/20,Nobody Loves The Comedy Band (LIVE),Raymond and Scum,0.02
1/10/20,Nobody Loves The Comedy Band (LIVE),Raymond and Scum,0.01
1/10/20,Nobody Loves The Comedy Band (LIVE),Raymond and Scum,0.01
1/14/20,Nobody Loves The Comedy Band (LIVE),Raymond and Scum,0.01
1/2/20,Nothing's Gonna Tear Us Apart (Love Theme From 'Stupid Teenagers Must Die'),Raymond and Scum,0.01
1/10/20,Nothing's Gonna Tear Us Apart (Love Theme From 'Stupid Teenagers Must Die'),Raymond and Scum,0.01
1/10/20,Nothing's Gonna Tear Us Apart (Love Theme From 'Stupid Teenagers Must Die'),Raymond and Scum,0.01
1/10/20,Nothing's Gonna Tear Us Apart (Love Theme From 'Stupid Teenagers Must Die'),Raymond and Scum,0.01
1/14/20,Nugget Man,Paul and Storm,0.08
1/10/20,Nugget Man,Paul and Storm,0.03
1/14/20,Nugget Man,Paul and Storm,0.02
1/10/20,Nugget Man,Paul and Storm,0.01
1/14/20,Nugget Man,Paul and Storm,0.01
1/14/20,Nugget Man,Paul and Storm,0.01
1/22/20,Nugget Man,Paul and Storm,0.01